-- phpMyAdmin SQL Dump
-- version 3.2.0.1
-- http://www.phpmyadmin.net
--
-- Host: localhost
-- Generation Time: Sep 20, 2010 at 01:37 ÉÏÎç
-- Server version: 5.1.37
-- PHP Version: 5.3.0

SET SQL_MODE="NO_AUTO_VALUE_ON_ZERO";


/*!40101 SET @OLD_CHARACTER_SET_CLIENT=@@CHARACTER_SET_CLIENT */;
/*!40101 SET @OLD_CHARACTER_SET_RESULTS=@@CHARACTER_SET_RESULTS */;
/*!40101 SET @OLD_COLLATION_CONNECTION=@@COLLATION_CONNECTION */;
/*!40101 SET NAMES utf8 */;

--
-- Database: `ns_cupcake`
--

-- --------------------------------------------------------

--
-- Table structure for table `data_cart`
--

CREATE TABLE IF NOT EXISTS `data_cart` (
  `id` int(11) NOT NULL AUTO_INCREMENT,
  `cart_id` char(16) NOT NULL,
  `user_id` int(11) NOT NULL DEFAULT '0',
  `created_at` timestamp NOT NULL DEFAULT '2000-01-01 00:00:00',
  PRIMARY KEY (`id`)
) ENGINE=InnoDB DEFAULT CHARSET=utf8 AUTO_INCREMENT=1 ;

--
-- Dumping data for table `data_cart`
--


-- --------------------------------------------------------

--
-- Table structure for table `data_cart_detail`
--

CREATE TABLE IF NOT EXISTS `data_cart_detail` (
  `id` int(11) NOT NULL AUTO_INCREMENT,
  `cart_id` char(16) NOT NULL,
  `product_id` int(11) NOT NULL DEFAULT '0',
  `quantity` int(11) NOT NULL DEFAULT '0',
  `price` decimal(8,2) NOT NULL DEFAULT '0.00' COMMENT 'å•ä»·',
  `total` decimal(8,2) NOT NULL DEFAULT '0.00' COMMENT 'æ€»ä»·',
  PRIMARY KEY (`id`),
  UNIQUE KEY `uid_pid` (`cart_id`,`product_id`)
) ENGINE=InnoDB  DEFAULT CHARSET=utf8 AUTO_INCREMENT=23 ;

--
-- Dumping data for table `data_cart_detail`
--

INSERT INTO `data_cart_detail` (`id`, `cart_id`, `product_id`, `quantity`, `price`, `total`) VALUES
(1, '20100919000002', 2, 2, '28.00', '56.00'),
(2, '20100919000002', 3, 12, '36.00', '432.00'),
(3, '20100919000003', 2, 2, '28.00', '56.00'),
(4, '20100919000003', 3, 12, '36.00', '432.00'),
(5, '20100919000004', 1, 0, '20.00', '0.00'),
(6, '20100919000004', 2, 0, '28.00', '0.00'),
(7, '20100919000004', 3, 0, '36.00', '0.00'),
(8, '20100919000004', 4, 0, '44.00', '0.00'),
(9, '20100919000004', 5, 0, '78.00', '0.00'),
(10, '20100919000005', 4, 31, '44.00', '1364.00'),
(11, '20100919000005', 5, 12, '78.00', '936.00'),
(12, '20100919000006', 4, 31, '44.00', '1364.00'),
(13, '20100919000006', 5, 12, '78.00', '936.00'),
(14, '20100919000007', 4, 31, '44.00', '1364.00'),
(15, '20100919000007', 5, 12, '78.00', '936.00'),
(16, '20100919000008', 4, 11, '44.00', '484.00'),
(17, '20100919000008', 5, 13, '78.00', '1014.00'),
(18, '20100919000009', 4, 2, '44.00', '88.00'),
(19, '20100919000010', 5, 1, '78.00', '78.00'),
(20, '20100919000011', 1, 2, '20.00', '40.00'),
(21, '20100919000011', 3, 3, '36.00', '108.00'),
(22, '20100919000011', 5, 10, '78.00', '780.00');

-- --------------------------------------------------------

--
-- Table structure for table `data_customer`
--

CREATE TABLE IF NOT EXISTS `data_customer` (
  `id` int(11) NOT NULL AUTO_INCREMENT,
  `name` char(255) NOT NULL DEFAULT '',
  `mobile` char(11) NOT NULL DEFAULT '',
  `address` char(255) NOT NULL DEFAULT '',
  `receive_time` timestamp NOT NULL DEFAULT '2000-01-01 00:00:00',
  `order_id` char(16) NOT NULL DEFAULT '',
  `status` int(11) NOT NULL DEFAULT '0' COMMENT 'æ ‡è®°æ˜¯å¦æˆåŠŸå…³è”åˆ°è®¢å•',
  PRIMARY KEY (`id`),
  KEY `mobile` (`mobile`)
) ENGINE=InnoDB  DEFAULT CHARSET=utf8 AUTO_INCREMENT=4 ;

--
-- Dumping data for table `data_customer`
--

INSERT INTO `data_customer` (`id`, `name`, `mobile`, `address`, `receive_time`, `order_id`, `status`) VALUES
(1, 'åˆ˜ä¸½æ…·', '21221323', 'è®©é£å¾®å¾®åˆ†', '0000-00-00 00:00:00', '20100919000009', 0),
(2, 'åˆ˜ä¸½æ…·', '2323', 'ä½ å¥½', '0000-00-00 00:00:00', '20100919000010', 0),
(3, 'Leakon', '13810525285', '132213', '0000-00-00 00:00:00', '20100919000011', 1000);

-- --------------------------------------------------------

--
-- Table structure for table `data_id_generator`
--

CREATE TABLE IF NOT EXISTS `data_id_generator` (
  `name` char(64) NOT NULL DEFAULT '',
  `uniq_id` int(11) NOT NULL DEFAULT '1',
  PRIMARY KEY (`name`)
) ENGINE=MyISAM DEFAULT CHARSET=utf8;

--
-- Dumping data for table `data_id_generator`
--

INSERT INTO `data_id_generator` (`name`, `uniq_id`) VALUES
('order_id', 215),
('cart_id', 11);

-- --------------------------------------------------------

--
-- Table structure for table `data_order`
--

CREATE TABLE IF NOT EXISTS `data_order` (
  `id` int(11) NOT NULL AUTO_INCREMENT,
  `order_id` char(16) NOT NULL,
  `total` decimal(8,2) NOT NULL DEFAULT '0.00',
  `status` int(11) NOT NULL DEFAULT '0',
  `created_at` timestamp NOT NULL DEFAULT '2000-01-01 00:00:00',
  `updated_at` timestamp NOT NULL DEFAULT '2000-01-01 00:00:00',
  PRIMARY KEY (`id`),
  UNIQUE KEY `order_id` (`order_id`)
) ENGINE=InnoDB  DEFAULT CHARSET=utf8 AUTO_INCREMENT=7 ;

--
-- Dumping data for table `data_order`
--

INSERT INTO `data_order` (`id`, `order_id`, `total`, `status`, `created_at`, `updated_at`) VALUES
(1, '20100919000011', '928.00', 0, '2010-09-20 00:29:58', '2010-09-20 00:48:53');

-- --------------------------------------------------------

--
-- Table structure for table `data_order_detail`
--

CREATE TABLE IF NOT EXISTS `data_order_detail` (
  `id` int(11) NOT NULL AUTO_INCREMENT,
  `order_id` char(16) NOT NULL,
  `product_id` int(11) NOT NULL DEFAULT '0',
  `quantity` int(11) NOT NULL DEFAULT '0',
  `price` decimal(8,2) NOT NULL DEFAULT '0.00' COMMENT 'å•ä»·',
  `total` decimal(8,2) NOT NULL DEFAULT '0.00' COMMENT 'æ€»ä»·',
  PRIMARY KEY (`id`),
  KEY `order_id` (`order_id`)
) ENGINE=InnoDB  DEFAULT CHARSET=utf8 AUTO_INCREMENT=43 ;

--
-- Dumping data for table `data_order_detail`
--

INSERT INTO `data_order_detail` (`id`, `order_id`, `product_id`, `quantity`, `price`, `total`) VALUES
(40, '20100919000011', 1, 2, '20.00', '40.00'),
(41, '20100919000011', 3, 3, '36.00', '108.00'),
(42, '20100919000011', 5, 10, '78.00', '780.00');

-- --------------------------------------------------------

--
-- Table structure for table `data_product`
--

CREATE TABLE IF NOT EXISTS `data_product` (
  `id` int(11) NOT NULL AUTO_INCREMENT,
  `name` char(255) NOT NULL DEFAULT '',
  `abstract` char(255) NOT NULL DEFAULT '',
  `detail` mediumtext NOT NULL,
  `pic` char(255) NOT NULL DEFAULT '',
  `price` decimal(8,2) NOT NULL DEFAULT '0.00',
  `quantity` int(11) NOT NULL DEFAULT '0',
  PRIMARY KEY (`id`)
) ENGINE=InnoDB  DEFAULT CHARSET=utf8 AUTO_INCREMENT=6 ;

--
-- Dumping data for table `data_product`
--

INSERT INTO `data_product` (`id`, `name`, `abstract`, `detail`, `pic`, `price`, `quantity`) VALUES
(1, 'è“å±±', 'è“å±±å’–å•¡æ˜¯å’–å•¡ä¸­çš„æå“ï¼Œäº§äºç‰™ä¹°åŠ çš„è“å±±ã€‚å—åˆ°åŠ å‹’æ¯”æµ·ç¯æŠ±çš„è“å±±ï¼Œæ¯å½“å¤ªé˜³ç›´å°„è”šè“æµ·æ°´æ—¶ï¼Œä¾¿åå°„åˆ°å±±ä¸Šè€Œå‘å‡ºç’€ç’¨çš„è“è‰²å…‰èŠ’ï¼Œæ•…è€Œå¾—åã€‚æ­¤ç§å’–å•¡æ‹¥æœ‰æ‰€æœ‰å¥½å’–å•¡çš„ç‰¹ç‚¹ï¼Œä¸ä»…å£å‘³æµ“éƒé¦™é†‡ï¼Œè€Œä¸”ç”±äºå’–å•¡çš„ç”˜ã€é…¸ã€è‹¦ä¸‰å‘³æ­é…å®Œç¾ï¼Œæ‰€ä»¥å®Œå…¨ä¸å…·è‹¦å‘³ï¼Œä»…æœ‰é€‚åº¦è€Œå®Œç¾çš„é…¸å‘³ã€‚ä¸€èˆ¬éƒ½å•å“é¥®ç”¨ï¼Œä½†æ˜¯å› äº§é‡æå°‘ï¼Œä»·æ ¼æ˜‚è´µæ— æ¯”ï¼Œæ‰€ä»¥å¸‚é¢ä¸Šä¸€èˆ¬éƒ½ä»¥å‘³é“è¿‘ä¼¼çš„å’–å•¡è°ƒåˆ¶ã€‚', '', '', '20.00', 1000),
(2, 'å“¥ä¼¦æ¯”äºš', 'äº§åœ°ä¸ºå“¥ä¼¦æ¯”äºšï¼Œçƒ˜ç„™åçš„å’–å•¡è±†ï¼Œä¼šé‡Šæ”¾å‡ºç”˜ç”œçš„é¦™å‘³ï¼Œå…·æœ‰é…¸ä¸­å¸¦ç”˜ã€è‹¦å‘³ä¸­å¹³çš„è‰¯è´¨ç‰¹æ€§ï¼Œå› ä¸ºæµ“åº¦åˆå®œçš„ç¼˜æ•…ï¼Œå¸¸è¢«åº”ç”¨äºé«˜çº§çš„æ··åˆå’–å•¡ä¹‹ä¸­ã€‚', '', '', '28.00', 1000),
(3, 'åœ£å¤šæ–¯', 'ä¸»è¦äº§äºå·´è¥¿çš„åœ£ä¿ç½—ã€‚æ­¤ç§å’–å•¡é…¸ã€ç”˜ã€è‹¦ä¸‰å‘³å±ä¸­æ€§ï¼Œæµ“åº¦é€‚ä¸­ï¼Œå¸¦ç€é€‚åº¦çš„é…¸å‘³ï¼Œå£å‘³é«˜é›…è€Œç‰¹æ®Šï¼Œæ˜¯æœ€å¥½çš„è°ƒé…ç”¨è±†ã€‚è¢«èª‰ä¸ºå’–å•¡ä¹‹ä¸­åšï¼Œå•å“é¥®ç”¨é£å‘³äº¦ä½³ã€‚', '', '', '36.00', 1000),
(4, 'æ‘©å¡', 'äº§äºåŸƒå¡ä¿„æ¯”äºšã€‚è±†å°è€Œé¦™æµ“ï¼Œå…¶é…¸é†‡å‘³å¼ºï¼Œç”˜å‘³é€‚ä¸­ï¼Œé£å‘³ç‰¹æ®Šã€‚ç»æ°´æ´—å¤„ç†åçš„å’–å•¡è±†ï¼Œæ˜¯é¢‡è´Ÿç››åçš„ä¼˜è´¨å’–å•¡ï¼Œæ™®é€šçš†å•å“é¥®ç”¨ï¼Œä½†è‹¥èƒ½è°ƒé…æ··åˆå’–å•¡ï¼Œæ›´æ˜¯ä¸€ç§ç†æƒ³é£å‘³çš„ç»¼åˆå’–å•¡ã€‚', '', '', '44.00', 1000),
(5, 'å¡æ™®å¥‡è¯º', 'é¢œè‰²å¥½åƒæ„å¤§åˆ©ä¿®é“å£«æˆ´çš„å¤´å·¾ï¼Œæ‰€ä»¥å®šåä¸ºå¡æ™®å¥‡è¯ºï¼ˆåŠ å¥¶æ²¹å—å’–å•¡ï¼‰ã€‚ä¼´æœ‰è‚‰æ¡‚æ£’ï¼Œå†æ·‹ä¸ŠæŸ æª¬æ±ï¼Œæ˜¾ç¤ºå‡ºå¤æ‚çš„é£å‘³ã€‚', '', '', '78.00', 1000);

-- --------------------------------------------------------

--
-- Table structure for table `data_session`
--

CREATE TABLE IF NOT EXISTS `data_session` (
  `id` int(11) NOT NULL AUTO_INCREMENT,
  `user_id` int(11) NOT NULL DEFAULT '0',
  `sess_time` int(11) NOT NULL DEFAULT '0',
  `sess_id` char(32) NOT NULL,
  `sess_data` text NOT NULL,
  PRIMARY KEY (`id`),
  UNIQUE KEY `sess_id` (`sess_id`),
  KEY `sess_time` (`sess_time`)
) ENGINE=MyISAM  DEFAULT CHARSET=utf8 AUTO_INCREMENT=3 ;

--
-- Dumping data for table `data_session`
--

INSERT INTO `data_session` (`id`, `user_id`, `sess_time`, `sess_id`, `sess_data`) VALUES
(2, 0, 1284914933, 'dvs49qcivm9qn43t15og5vmgm4', 'symfony/user/sfUser/lastRequest|i:1284914933;symfony/user/sfUser/authenticated|b:0;symfony/user/sfUser/credentials|a:0:{}symfony/user/sfUser/attributes|a:0:{}symfony/user/sfUser/culture|s:2:"en";');

-- --------------------------------------------------------

--
-- Table structure for table `data_user`
--

CREATE TABLE IF NOT EXISTS `data_user` (
  `id` int(11) NOT NULL AUTO_INCREMENT,
  `mail` char(255) NOT NULL DEFAULT '',
  `password` char(32) NOT NULL DEFAULT '',
  `username` char(255) NOT NULL DEFAULT '',
  `created_at` timestamp NOT NULL DEFAULT '2000-01-01 00:00:00',
  PRIMARY KEY (`id`),
  UNIQUE KEY `mail` (`mail`)
) ENGINE=InnoDB DEFAULT CHARSET=utf8 AUTO_INCREMENT=1 ;

--
-- Dumping data for table `data_user`
--


/*!40101 SET CHARACTER_SET_CLIENT=@OLD_CHARACTER_SET_CLIENT */;
/*!40101 SET CHARACTER_SET_RESULTS=@OLD_CHARACTER_SET_RESULTS */;
/*!40101 SET COLLATION_CONNECTION=@OLD_COLLATION_CONNECTION */;
